first_name,gender,last_name
James,male,Smith
Michael,male,Jones
John,male,Taylor
Robert,male,Brown
David,male,Williams
William,male,Wilson
Richard,male,Johnson
Joseph,male,Davies
Thomas,male,Robinson
Christopher,male,Wright
Charles,male,Thompson
Daniel,male,Evans
Matthew,male,Walker
Anthony,male,White
Mark,male,Roberts
Steven,male,Green
Donald,male,Hall
Andrew,male,Thomas
Joshua,male,Clarke
Paul,male,Jackson
Kenneth,male,Wood
Kevin,male,Harris
Brian,male,Edwards
Timothy,male,Turner
Ronald,male,Martin
Jason,male,Cooper
George,male,Hill
Edward,male,Ward
Jeffrey,male,Hughes
Ryan,male,Moore
Jacob,male,Clark
Nicholas,male,King
Gary,male,Harrison
Eric,male,Lewis
Jonathan,male,Baker
Stephen,male,Lee
Larry,male,Allen
Justin,male,Morris
Benjamin,male,Scott
Scott,male,Watson
Brandon,male,Davis
Samuel,male,Parker
Gregory,male,James
Alexander,male,Bennett
Patrick,male,Young
Frank,male,Phillips
Jack,male,Richardson
Raymond,male,Mitchell
Dennis,male,Bailey
Tyler,male,Carter
Mary,female,Cook
Patricia,female,Shaw
Jennifer,female,Bell
Linda,female,Collins
Elizabeth,female,Morgan
Barbara,female,Kelly
Susan,female,Miller
Jessica,female,Cox
Karen,female,Marshall
Sarah,female,Simpson
Lisa,female,Price
Nancy,female,Anderson
Sandra,female,Adams
Ashley,female,Foster
Emily,female,Ellis
Kimberly,female,Chapman
Betty,female,Mason
Margaret,female,Gray
Donna,female,Richards
Michelle,female,Webb
Carol,female,Griffiths
Amanda,female,Hunt
Melissa,female,Palmer
Deborah,female,Holmes
Stephanie,female,Mills
Rebecca,female,Rogers
Sharon,female,Barnes
Laura,female,Knight
Cynthia,female,Matthews
Amy,female,Barker
Kathleen,female,Powell
Angela,female,Stevens
Dorothy,female,Fisher
Shirley,female,Butler
Emma,female,Dixon
Brenda,female,Russell
Nicole,female,Harvey
Pamela,female,Pearson
Samantha,female,Graham
Anna,female,Fletcher
Katherine,female,Murray
Christine,female,Howard
Debra,female,Gibson
Rachel,female,Fox
Olivia,female,Stewart
Carolyn,female,Elliott
Maria,female,Lloyd
Janet,female,Andrews
Heather,female,Ford
Diane,female,West
Ethan,male,Tan
Aiden,male,Lim
Aidan,male,Lee
Aden,male,Ng
Nathan,male,Ong
Nathaniel,male,Chua
Lucas,male,Goh
Isaac,male,Wong
Caleb,male,Teo
Evan,male,Loh
Matthew,male,Cheong
Joshua,male,Yeo
Adam,male,Chan
Asher,male,Koh
Jayden,male,Foo
Rayyan,male,Tay
Julian,male,Toh
Julien,male,Sim
Ian,male,Quek
Kayden,male,Phua
Cayden,male,Pei
Luke,male,Cheng
Matthias,male,Chin
George,male,Chee
Gabriel,male,Low
Aaron,male,Soon
Adriel,male,Heng
Alexander,male,Ho
Andre,male,Pang
Benjamin,male,Seah
Brandon,male,Neo
Bryan,male,Fong
Christopher,male,Mak
Daniel,male,Yap
David,male,Choo
Declan,male,Kwek
Dylan,male,Saw
Elijah,male,Quee
Ezra,male,Chiam
Felix,male,Soh
Finn,male,Chong
Grayson,male,Gan
Harvey,male,Leong
Hayden,male,Kee
Henry,male,Chia
Hugo,male,Leng
Jacob,male,Hoon
James,male,Boey
Jasper,male,Ching
Joel,male,Kwan
Jordan,male,Tang
Joseph,male,Yang
Liam,male,Soo
Logan,male,Koo
Michael,male,Ngiam
Emma,female,Kim
Chloe,female,Pek
Sophie,female,Li
Isabelle,female,Choi
Charlotte,female,Chang
Olivia,female,Lim
Ava,female,Ngoh
Grace,female,Tiam
Emily,female,Peng
Hannah,female,Le
Mia,female,Leh
Aria,female,Hiang
Leah,female,Hiong
Ella,female,Tian
Abigail,female,Tiang
Zoe,female,Ting
Isabella,female,Tong
Sarah,female,Tung
Kayla,female,Teng
Amelia,female,Dong
Faith,female,Deng
Natalie,female,Ding
Hailey,female,Weng
Nicole,female,Wang
Claire,female,Yen
Jasmine,female,Ten
Luna,female,Wei
Eliana,female,Wen
Naomi,female,Won
Victoria,female,Wan
Madelyn,female,Xie
Alexa,female,Xiu
Anna,female,Xu
Rachel,female,Zhu
Tessa,female,Zu
Megan,female,Zi
Ivy,female,Zhi
Anya,female,Boon
Eleanor,female,Poon
Arielle,female,Jun
Gabrielle,female,Jia
Valerie,female,Jie
Serene,female,Kin
Joy,female,Gim
Alayna,female,Sun
Skye,female,See
Amber,female,Chio
Reina,female,Chiu
Ashley,female,Qing
Kylie,female,Fu
Sasha,female,Feng
